Source,Target,generated
Sam Houston,J. Pinckney Henderson,0
James Webb,A. La Branche,1
David G. Burnet,Richard G. Dunlap,2
Nathaniel Amory,Richard G. Dunlap,3
David G. Burnet,Richard G. Dunlap,4
T. Dunlap,Richard G. Dunlap,5
Nathaniel Amory,Richard G. Dunlap,6
John Emberson,Albert Sidney Johnston,7
David G. Burnet,A. La Branche,8
David G. Burnet,A. La Branche,9
David G. Burnet,A. La Branche,10
William Scurlock,David G. Burnet,11
William M. Williams,David G. Burnet,12
D. Rowlett,David G. Burnet,13
David G. Burnet,A. La Branche,14
David G. Burnet,A. La Branche,15
David G. Burnet,A. La Branche,16
D. Rowlett,David G. Burnet,17
David G. Burnet,Richard G. Dunlap,18
Abner S. Lipscomb,A. La Branche,19
Abner S. Lipscomb,Hamilton and Burnley,20
Joseph Waples,Barnard E. Bee,21
Abner S. Lipscomb,Geo. H. Flood,22
Joseph Waples,Nathaniel Amory,23
Joseph Waples,Geo. H. Flood,24
Joseph Waples,Geo. H. Flood,25
Joseph Waples,Geo. H. Flood,26
James S. Mayfield,Geo. H. Flood,27
James S. Mayfield,Barnard E. Bee,28
James S. Mayfield,Barnard E. Bee,29
Geo. H. Flood,James S. Mayfield,30
James S. Mayfield,Geo. H. Flood,31
Geo. H. Flood,James S. Mayfield,32
James S. Mayfield,Barnard E. Bee,33
,,34
,,35
,,36
,,37
,,38
,,39
James S. Mayfield,Nathaniel Amory,40
Samuel A. Roberts,Barnard E. Bee,41
Samuel A. Roberts,Barnard E. Bee,42
Samuel A. Roberts,Joseph Eve,43
Samuel A. Roberts,Joseph Eve,44
Samuel A. Roberts,Barnard E. Bee,45
Sam Houston,Joseph Eve,46
Sam Houston,A. B. Roman,47
Sam Houston,A. B. Roman,48
Isaac Van Zandt,Anson Jones,49
Joseph Eve,Anson Jones,50
Isaac Van Zandt,Anson Jones,51
J. C. Spencer,Isaac Van Zandt,52
T. Hartley Crawford,Wm. Armstrong,53
R. Jones,W. Davenport and G. Loomis,54
Isaac Van Zandt,Anson Jones,55
Joseph Eve,Anson Jones,56
M. E. Hale,Joseph Eve,57
Anson Jones,Isaac Van Zandt,58
Anson Jones,Joseph Eve,59
Anson Jones,Isaac Van Zandt,60
Wm. Henry Daingerfield,Anson Jones,61
Anson Jones,Isaac Van Zandt,62
Sam Houston,Joseph Eve,63
Joseph Eve,Joseph Waples,64
Copy and sunmiary of instructions United States Department of State,,65
Joseph Eve,Texaa,66
Wm. Henry Daingerfield,Anson Jones,67
Joseph Eve,Anson Jones,68
Isaac Van Zandt,Anson Jones,69
' Daniel Webster,Isaac Van Zandt,70
Isaac Van Zandt,William S. Archer,71
Isaac Van Zandt,Anson Jones,72
Isaac Van Zandt,Daniel Webster,73
Joseph Eve,Anson Jones,74
Isaac Van Zandt,Anson Jones,75
Isaac Van Zandt,Anson Jones,76
Anson Jones,Joseph Eve,77
Joseph Eve,Anson Jones,78
Reuben M. Potter,A. M. Green,79
A. M. Green,Joseph Eve,80
Isaac Van Zandt,Anson Jones,81
Sam Houston,Joseph Eve,82
Anson Jones,Isaac Van Zandt,83
Anson Jones,Isaac Van Zandt,84
Joseph W. Robertson,Anson Jones,85
Charles H. Raymond,Anson Jones,86
Anson Jones,Joseph Eve,87
Anson Jones,Joseph Eve,88
Anson Jones,Isaac Van Zandt,89
,,90
,,91
,,92
,,93
,,94
Jesse Benton,Anson Jones,95
Isaac Van Zandt,Anson Jones,96
Petition of Joseph Cooper,the Texan minister 187,97
Anson Jones,Isaac Van Zandt,98
,June 10 1843,99
Anson Jones,Isaac Van Zandt,100
Isaac Van Zandt,Anson Jones,101
Anson Jones,Isaac Van Zandt,102
Anson Jones,Isaac Van Zandt,103
Isaac Van Zandt,Anson Jones,104
Isaac Van Zandt,Anson Jones,105
J. M. Porter,H. S. Legar^,106
William Armstrong,T. H. Crawford,107
William Armstrong,T. H. Crawford,108
Charles H. Raymond,Anson Jones,109
Isaac Van Zandt,Anson Jones,110
Isaac Van Zandt,Anson Jones,111
Isaac Van Zandt,Anson Jones,112
Anson Jones,Isaac Van Zandt,113
M. C. Hamilton,Jacob Snively,114
Jacob Snively,Geo. W. HUl,115
Isaac Van Zandt,Anson Jones,116
Isaac Van Zandt,Anson Jones,117
Isaac Van Zandt,Anson Jones,118
W. S. Murphy,Anson Jones,119
Anson Jones,Isaac Van Zandt,120
W. S. Murphy,Anson Jones,121
Isaac Van Zandt,Anson Jones,122
Isaac Van Zandt,Anson Jones,123
A. P. Upshur,Isaac Van Zandt,124
Anson Jones,Isaac Van Zandt,125
Anson Jones,J. Pinckney Henderson,126
Anson Jones,W. S. Murphy,127
Isaac Van Zandt,Anson Jones,128
J. H. Brower,Isaac Van Zandt,129
Isaac Van Zandt,A. P. Upshur,130
Anson Jones,Isaac Van Zandt,131
Anson Jones,Van Zandt and Henderson,132
Isaac Van Zandt,Anson Jones,133
Isaac Van Zandt,Anson Jones,134
Isaac Van Zandt,Anson Jones,135
Isaac Van Zandt,Anson Jones,136
Anson Jones,Isaac Van Zandt,137
Anson Jones,Isaac Van Zandt,138
Anson Jones,Isaac Van Zandt,139
Van Zandt and Henderson,Anson Jones,140
Sam Houston,Van Zandt and Henderson,141
Sam Houston,Van Zandt and Henderson,142
Anson Jones,Van Zandt and Henderson,143
Sam Houston,Van Zandt and Henderson,144
Isaac Van Zandt,Anson Jones,145
Sam Houston,Van Zandt and Henderson,146
,,147
,,148
,,149
,,150
,,151
Van Zandt and Henderson,Anson Jones,152
Van Zandt and Henderson,Anson Jones,153
Isaac Van Zandt,Anson Jones,154
Van Zandt and Henderson,Anson Jones,155
Isaac Van Zandt,Anson Jones,156
Isaac Van Zandt,Anson Jones,157
Anson Jones,Isaac Van Zandt,158
A. M. Green,Anson Jones,159
Anson Jones,A. M. Green,160
Anson Jones,Charles H. Raymond,161
Address of Tilghman A. Howard,Anson Jones,162
Anson Jones,Howard *s address 294,163
Anson Jones,Charles H. Raymond,164
Isaac Van Zandt,Anson Jones,165
J. H. Brower,Isaac Van Zandt,166
Isaac Van Zandt,Anson Jones,167
Wm. Wilkins,John C. Calhoun,168
D. Parker,John C. Calhoun,169
,June 27 1844,170
R. Jones,Zachary Taylor,171
,April 2 1844,172
G. Loomis,W. W. S. Bliss,173
Isaac Van Zandt,Anson Jones,174
J. H. Brower,Isaac Van Zandt,175
Isaac Van Zandt,Anson Jones,176
Charles H. Raymond,Anson Jones,177
Charles H. Raymond,Anson Jones,178
Charles H. Raymond,Anson Jones,179
Anson Jones,James Reily,180
Anson Jones,Charles H. Raymond,181
Charles H. Raymond,Anson Jones,182
A. J. Donelson,Anson Jones,183
M.S. CucuUu,John C. Spencer,184
Balie Peyton,M. S. CucuUu,185
Eddy and Moss,the collector of the customs at New Orleans,186
John C. Calhoun,Charles H. Raymond,187
Charles H. Raymond,John C. Calhoun,188
A. J. Donelson,Anson Jones,189
Anson Jones,A. J. Donelson,190
,December 10 1844,191
Ebenezer Allen,A. J. Donelson,192
A. J. Donelson,Ebenezer Allen,193
,,194
John C. Calhoun,Charles H. Raymond,195
Charles H. Raymond,John C. Calhoun,196
,,197
,,198
,,199
,,200
,,201
Ebenezer Allen,A. J. Donelson,202
Charles H. Raymond,Ebenezer Allen,203
A. J. Donelson,Ebenezer Allen,204
Ebenezer Allen,Charles H. Raymond,205
Charles H. Raymond,Ebenezer Allen,206
Ebenezer Allen,Charles H. Raymond,207
Charles H. Raymond,Ebenezer Allen,208
Ebenezer Allen,Charles H. Raymond,209
,,210
A. J. Donelson,Ebenezer Allen,211
Duff Green,A. J. Donelson,212
Williams Thurston and Meggerson,Duff Green,213
A. J. Donelson,Ebenezer Allen,214
Ebenezer Allen,A. J. Donelson,215
Charles H. Raymond,Ebenezer Allen,216
John C. Calhoun,Charles H. Raymond,217
Charles H. Raymond,Ebenezer Allen,218
Charles H. Raymond,John C. Calhoun,219
Ashbel Smith,A. J. Donelson,220
Ashbel Smith,Charles H. Raymond,221
Charles H. Raymond,Ebenezer Allen,222
Charles H. Raymond,John C. Calhoun,223
Charles H. Raymond,John C. Calhoun,224
Charles H. Raymond,Ebenezer Allen,225
Charles H. Raymond,Ebenezer Allen,226
Ashbel Smith,Charles H. Raymond,227
Ashbel Smith,Stewart Newell,228
Charles H. Raymond,Ashbel Smith,229
A. J. Donelson,Ebenezer Allen,230
Charles H. Raymond,Ebenezer Allen,231
Charles H. Raymond,Ebenezer Allen,232
Ebenezer Allen,David S. Kaufman,233
Ebenezer Allen,David S. Kaufman,234
Anson Jones,James K. Polk,235
Ebenezer Allen,William D. Lee,236
T. Hartley Crawford,A. J. Donelson,237
E. A. Rhodes,Ebenezer Allen,238
J. Y. Mason,E. A. Rhodes,239
E. A. Rhodes,Ebenezer Allen,240
Anson Jones,Zachary Taylor,241
Ebenezer Allen,E. A. Rhodes,242
William D. Lee,Ebenezer Allen,243
James Buchanan,William D. Lee,244
William D. Lee,James Buchanan,245
David S. Kaufman,Ebenezer Allen,246
David S. Kaufman,James Buchanan,247
William D. Lee,Ebenezer Allen,248
Ebenezer Allen,David S. Kaufman,249
William D. Lee,Ebenezer Allen,250
W. L. Marcy,David S. Kaufman,251
David S. Kaufman,Ebenezer Allen,252
William D. Lee,Ebenezer Allen,253
,,254
,,255
,,256
,,257
,,258
William D. Lee,James Buchanan,259
Anson Jones,James K. Polk,260
Joseph C. Eldredge,E. A. Rhodes,261
Anson Jones,James K. Polk,262
R. J. Walker,Hiram G. Runnels,263
David G. Burnet,Anto. Lopez de Santa Anna,264
David G. Burnet,Anto. Lopez de Santa Anna,265
David G. Burnet,Anto. Lopez de Santa Anna,266
David G. Burnet,Anto. Lopez de Santa Anna,267
Anto. Lopez de Santa Anna,David G. Burnet,268
Anto. Lopez de Santa Anna,David G. Burnet,269
Anto. Lopez de Santa Anna,David G. Burnet,270
Anto. Lopez de Santa Anna,Sam Houston,271
Stephen F. Austin,Fran. Pizarro Martinez,272
Geo. W. Hockley,Sam Houston,273
Geo. W. Hockley,Sam Houston,274
Barnard E. Bee,Sam Houston,275
Fran. Pizarro Martinez,Stephen F. Austin,276
A. J. Yates,Stephen F. Austin,277
Correspondent in Tampico,T. by,278
Correspondent in Tampico,T. by,279
Antonio Canales,Mirabeau B. Lamar,280
James Webb,Barnard E. Bee,281
Barnard E. Bee,James Webb,282
James Webb,Barnard E. Bee,283
Barnard E. Bee,James Webb,284
Barnard E. Bee,James Webb,285
439,,286
Barnard E. Bee,James Webb,287
Barnard E. Bee,James Webb,288
Barnard E. Bee,James Webb,289
Barnard E. Bee,James Webb,290
Barnard E. Bee,James Webb,291
Barnard E. Bee,James Webb,292
Geo. L. Hammeken,James Hamilton,293
Geo. L. Hammeken,James Webb,294
Barnard E. Bee,James Webb,295
Barnard E. Bee,James Webb,296
James Hamilton,Mirabeau B. Lamar,297
J. R. Poinsett,James Hamilton,298
James Hamilton,Mirabeau B. Lamar,299
James Hamilton,R. Copeland,300
Barnard E. Bee,James Webb,301
Barnard E. Bee,James Webb,302
Barnard E. Bee,James Webb,303
James Hamilton,Mirabeau B. Lamar,304
Barnard E. Bee,James Webb,305
Barnard E. Bee,James Webb,306
Barnard E. Bee,James Webb,307
James Webb,Barnard E. Bee,308
Barnard E. Bee,James Webb,309
BaniaxdE. Bee,James Webb,310
,,311
,,312
,,313
,,314
,,315
3839 467,,316
James Hamilton,Mirabeau B. Lamar,317
Mirabeau B. Lamar,James Treat,318
David G. Burnet,James Treat,319
Barnard E. Bee,David G. Burnet,320
Jacob Barker,Barnard E. Bee,321
James Treat,David G. Burnet,322
David G. Burnet,James Treat,323
James Treat,Mirabeau B. Lamar,324
James Treat,David G. Burnet,325
James Treat,David G. Burnet,326
James Treat,David G. Burnet,327
James Treat,Mirabeau B. Lamar,328
,,329
,,330
,James Treat,331
James Treat,David G. Burnet,332
James Treat,David G. Burnet,333
James Treat,David G. Burnet,334
James Treat,David G. Burnet,335
A. S. Wright,Wm. Bryan,336
James Treat,David G. Burnet,337
James Treat,David G. Burnet,338
A. S. Wright,William Bryan,339
Juan de Dios Cafiedo,R. Pakenham,340
James Treat,Mirabeau B. Lamar,341
James Treat,Mirabeau B. Lamar,342
James Treat,James Hamilton,343
James Treat,Mirabeau B. Lamar,344
David G. Burnet,James Hamilton,345
A. S. Wright,Wm. Bryan,346
A. S. Wright,John Merle,347
A. S. Wright,Wm. Bryan,348
James Treat,Mirabeau B. Lamar,349
James Hamilton,David G. Burnet,350
James Treat,Mirabeau B. Lamar,351
James Treat,Mirabeau B. Lamar,352
James Treat,Mirabeau B. Lamar,353
James Treat,Mirabeau B. Lamar,354
James Treat,Mirabeau B. Lamar,355
James Treat,Mirabeau B. Lamar,356
Abner S. Lipscomb,Barnard E. Bee,357
James Treat,Mirabeau B. Lamar,358
James Treat,Mirabeau B. Lamar,359
James Treat,Juan de Dios Cafiedo,360
James Treat,Juan de Dios Cafiedo,361
James Treat,Juan de Dios Cafiedo,362
James Treat,Mirabeau B. Lamar,363
James Treat,Mirabeau B. Lamar,364
James Treat,Mirabeau B. Lamar,365
James Treat,Mirabeau B. Lamar,366
James Treat,Juan de Dios Cafiedo,367
,,368
,,369
,,370
,,371
James Treat,Juan Nepomuceno Almonte,372
James Treat,Juan de Dios Cafiedo,373
James Treat,Juan de Dios Cafiedo,374
James Treat,Juan de Dios Cafiedo,375
James Treat,Mirabeau B. Lamar,376
James Treat,Mirabeau B. Lamar,377
David G. Burnet,James Treat,378
David G. Burnet,R. Pakenham,379
David G. Burnet,R. Pakenham,380
James Treat,Mirabeau B. Lamar,381
James Treat,Mirabeau B. Lamar,382
Propositions of Texas,Mexico,383
James Treat,Mirabeau B. Lamar,384
Abner S. Lipscomb,James Treat,385
Abner S. Lipscomb,Hamilton and Burnley,386
,April 10 1840,387
Jas. Ogilvy,R. Pakenham,388
Jas. Ogilvy,R. Pakenham,389
James Treat,Mirabeau B. Lamar,390
James Treat,Mirabeau B. Lamar,391
Correspondent at Vera Cruz,David G. Burnet,392
James Treat,Mirabeau B. Lamar,393
James Treat,Juan de Dios Cafiedo,394
A. S. Wright,Barnard E. Bee,395
,April 21 1840,396
James Treat,Mirabeau B. Lamar,397
R. Pakenham,David G. Burnet,398
James Treat,Mirabeau B. Lamar,399
A. S. Wright,Barnard E. Bee,400
A. S. Wright,Barnard E. Bee,401
A. S. Wright,Barnard E. Bee,402
A. S. Wright,Barnard E. Bee,403
,April 30 1840,404
Abner S. Lipscomb,James Hamilton,405
Abner S. Lipscomb,James Treat,406
James Treat,Mirabeau B. Lamar,407
James Treat,Mirabeau B. Lamar,408
James Treat,James Ritchie,409
James Treat,Mirabeau B. Lamar,410
James Treat,Mirabeau B. Lamar,411
Abner S. Lipscomb,James Treat,412
James Treat,Mirabeau B. Lamar,413
James Treat,Abner S. Lipscomb,414
Mirabeau B. Lamar,E. W. Moore,415
A. S. Wright,Barnard E. Bee,416
A. S. Wright,Barnard E. Bee,417
James Treat,Abner S. Lipscomb,418
James Treat,Mirabeau B. Lamar,419
James Treat,Juan de Dios Cafiedo,420
Barnard E. Bee,James Treat,421
James Treat,Abner S. Lipscomb,422
James Treat,Mirabeau B. Lamar,423
,,424
,,425
,,426
,,427
,,428
James Treat,Mirabeau B. Lamar,429
James Treat,Abner S. Lipscomb,430
James Treat,Mirabeau B. Lamar,431
A. S. Wright,Barnard E. Bee,432
A. S. Wright,Barnard E. Bee,433
James Treat,Mirabeau B. Lamar,434
James Treat,Abner S. Lipscomb,435
,,436
James Treat,E. W. Moore,437
E. W. Moore,James Treat,438
E. W. Moore,Mirabeau B. Lamar,439
E. W. Moore,Abner S. Lipscomb,440
James Treat,Abner S. Lipscomb,441
Memorandum communicated by Treat,Mexican Government,442
Abner S. Lipscomb,James Treat,443
James Treat,Abner S. Lipscomb,444
,Septem-,445
,,446
James Treat,Abner S. Lipscomb,447
James Treat,Abner S. Lipscomb,448
James Treat,Abner S. Lipscomb,449
E. W. Moore,James Treat,450
E. W. Moore,Joaquin Rivas Sayas,451
Joaquin Rivas Sayas,E. W. Moore,452
Nathaniel Amory,Abner S. Lipscomb,453
Juan N. Leplicher,Nathaniel Amory,454
A. S. Wright,Nathaniel Amory,455
Juan Vitalba,Mirabeau B. Lamar,456
James Treat,R. Pakenham,457
James Treat,R. Pakenham,458
James Treat,R. Pakenham,459
R. Pakenham,James Treat,460
Juan de Dios Cafiedo,R. Pakenham,461
R. Pakenham,James Treat,462
R. Pakenham,James Treat,463
R. Pakenham,James Treat,464
R. Pakenham,James Treat,465
James Treat,E. W. Moore,466
James Treat,E. W. Moore,467
A. S. Wright,Mirabeau B. Lamar,468
James S. Mayfield,James Webb,469
Samuel A. Roberts,Cooke and others,470
Samuel A. Roberts,Wm. G. Cooke,471
Samuel A. Roberts,Rafael Uribe,472
Samuel A. Roberts,Van Ness and Morris,473
Mirabeau B. Lamar,Mariano Arista,474
James Webb,James S. Mayfield,475
James Webb,Ignacio de Mora,476
,,477
,,478
,,479
,,480
,,481
Ignacio de Mora,James Webb,482
James Webb,R. Pakenham,483
R. Pakenham,James Webb,484
Sebastian Canacho,R. Pakenham,485
R. Pakenham,James S. Mayfield,486
James Webb,R. Pakenham,487
James Webb,Mirabeau B. Lamar,488
Samuel A. Roberts,James Webb,489
John D. Morris,Samuel A. Roberts,490
John D. Morris,Samuel A. Roberts,491
Van Ness and Morris,Rafael Uribe,492
Van Ness and Morris,Carrasco,493
Van Ness and Morris,Mariano Arista,494
Mariano Arista,Van Ness and Morris,495
,November 9 1841,496
Anson Jones,James Hamilton,497
,June 10 1843,498
Sam Houston,*Hockley and Williams,499
G. W. Hill,Adrian Woll,500
Reuben M. Potter,Ashbel Smith,501
Mirabeau B. Lamar,Governor of Yucatan,502
Miguel Barbachano,Mirabeau B. Lamar,503
Martin F. Peraza,Samuel A. Roberts,504
Samuel A. Roberts,Martin F. Peraza,505
Martin F. Peraza,Samuel A. Roberts,506
E. W. Moore,PedrffLemus,507
Pedro Lemus,E. W. Moore,508
,January 18 1842,509
,January 18 1842,510
Instructions,Peraza,511
Joaquin G. Rej6n,President of Texas,512
,April 8 1842,513
R. A. Irion,J. Pinckney Henderson,514
,July 24 1837,515
R. A. Irion,J. Pinckney Henderson,516
,October 14 1837,517
J. Pinckney Henderson,Lord Palmerston,518
Lord Palmerston,J. Pinckney Henderson,519
J. Pinckney Henderson,Lord Palmerston,520
J. Pinckney Henderson,R. A. Irion,521
J. Pinckney Henderson,Lord Palmerston,522
Lord Palmerston,J. Pinckney Henderson,523
J. Pinckney Henderson,Lizardi <k Co.,524
J. Pinckney Henderson,R. A. Irion,525
J. Pinckney Henderson,Lord Palmerston,526
J. Pinckney Henderson,Lord Palmerston,527
Lord Palmerston,J. Pinckney Henderson,528
R. A. Irion,J. Pinckney Henderson,529
J. Pinckney Henderson,R. A. Irion,530
J. Pinckney Henderson,R. A. Irion,531
,,532
,,533
,,534
,,535
,,536
J. Pinckney Henderson,Lord Palmerston,537
J. Pinckney Henderson,Lord Palmerston,538
J. Pinckney Henderson,Lord Palmerston,539
Lord Palmerston,J. Pinckney Henderson,540
R. A. Irion,Agent of Lloyds,541
R. A. Irion,J. Pinckney Henderson,542
J. Pinckney Henderson,R. A. Irion,543
J. Pinckney Henderson,Lord Palmerston,544
Lord Palmerston,J. Pinckney Henderson,545
J. Pinckney Henderson,Lord Palmerston,546
J. Pinckney Henderson,Lord Palmerston,547
Lord Palmerston,J. Pinckney Henderson,548
J. Pinckney Henderson,Lord Palmerston,549
Lord Palmerston,J. Pinckney Henderson,550
R. A. Irion,J. Pinckney Henderson,551
R. A. Irion,J. Pinckney Henderson,552
R. A. Irion,J. Pinckney Henderson,553
James Hamilton,H. S. Fox,554
H. S. Fox,James Hamilton,555
David G. Burnet,J. Pinckney Henderson,556
David G. Burnet,James Hamilton,557
,October 16 1839,558
,November 24 1839,559
,November 27 1839,560
James Hamilton,David G. Burnet,561
R. Pakenham,James Hamilton,562
James Hamilton,R. Pakenham,563
James Hamilton,R. Pakenham,564
James Buchanan,E. W. Moore,565
E. W. Moore,James Buchanan,566
James Hamilton,Abner S. Lipscomb,567
James Hamilton,Lord Palmerston,568
James Treat,Mirabeau B. Lamar,569
James Treat,Abner S. Lipscomb,570
R. Pakenham,James Treat,571
James Treat,R. Pakenham,572
Abner S. Lipscomb,R. Pakenham,573
John Taylor,Mirabeau B. Lamar,574
List of negro subjects of Great Britain alleged,be held in slavery in Texas,575
James Hamilton,Abner S. Lipscomb,576
Mirabeau B. Lamar,Lord Russell,577
Joseph Waples,Wm. Bryan,578
James Hamilton,Abner S. Lipscomb,579
Geo. S. Mcintosh,Mirabeau B. Lamar,580
James Hamilton,Abner S. Lipscomb,581
James Hamilton,Lord Palmerston,582
Abner S. Lipscomb,Wm. Bryan,583
,,584
,,585
,,586
,,587
,,588
James Hamilton,Mirabeau B. Lamar,589
James Hamilton,Monroe Edwards,590
Lord Palmerston,James Hamilton,591
James Hamilton,Abner S. Lipscomb,592
James Hamilton,Abner S. Lipscomb,593
Hamilton and Burnley,James H. Starr,594
James Hamilton,Abner S. Lipscomb,595
James Hamilton,Lord Palmerston,596
Lord Palmerston,James Hamilton,597
James Hamilton,Mirabeau B. Lamar,598
Lord Palmerston,James Hamilton,599
James S. Mayfield,James Hamilton,600
James S. Mayfield,James Hamilton,601
A. T. Burnley,David G. Burnet,602
Arthur Ikin,James S. Mayfield,603
James Hamilton,James S. Mayfield,604
,,605
Samuel A. Roberts,James Hamilton,606
John Crawford,Mirabeau B. Lamar,607
Lord Palmerston,Mirabeau B. Lamar,608
James Hamilton,Samuel A. Roberts,609
Anson Jones,James Hamilton,610
James Hamilton,Anson Jones,611
James Hamilton,Anson Jones,612
James Hamilton,Nathaniel Amory,613
James Hamilton,Anson Jones,614
James Hamilton,Anson Jones,615
Anson Jones,Ashbel Smith,616
Arthur Ikin,Anson Jones,617
Anson Jones,Ashbel Smith,618
Geo. Fisher,Anson Jones,619
Ashbel Smith,Anson Jones,620
Ashbel Smith,Anson Jones,621
Ashbel Smith,Anson Jones,622
Anson Jones,Ashbel Smith,623
Ashbel Smith,Anson Jones,624
Ashbel Smith,Anson Jones,625
,June 28 1842,626
Ashbel Smith,Anson Jones,627
Ashbel Smith,Anson Jones,628
Ashbel Smith,Lord Aberdeen,629
Ashbel Smith,Anson Jones,630
Ashbel Smith,Edward Everett,631
Edward Everett,Ashbel Smith,632
Edward Everett,Ashbel Smith,633
Edward Everett,Ashbel Smith,634
Ashbel Smith,Samuel Amory,635
Samuel Amory,George K. Teulon,636
Ashbel Smith,Edward Everett,637
Edward Everett,Ashbel Smith,638
Ashbel Smith,Edward Everett,639
,,640
,,641
,,642
,,643
,,644
Ashbel Smith,Lord Aberdeen,645
Ashbel Smith,Lord Aberdeen,646
Lord Aberdeen,Ashbel Smith,647
M. P. Russell,Ashbel Smith,648
Ashbel Smith,James Reily,649
Ashbel Smith,George S. Mcintosh,650
Ashbel Smith,Lord Aberdeen,651
,,652
M. P. Russell,Ashbel Smith,653
Lord Aberdeen,Ashbel Smith,654
Ashbel Smith,George S. Mcintosh,655
Ashbel Smith,Lord Aberdeen,656
Lord Aberdeen,Ashbel Smith,657
Ashbel Smith,M. P. Russell,658
Joseph Hume,Ashbel Smith,659
Lachlin M. Rate,Ashbel Smith,660
Memorandum concerning War Steamers,be used against Texas,661
Wm. Pringle,Ashbel Smith,662
M. P. Russell,Ashbel Smith,663
William Kennedy,Ashbel Smith,664
Arthur Ikin,Ashbel Smith,665
Ashbel Smith,Arthur Ikin,666
Fox Sons & Co.,Ashbel Smith,667
Ashbel Smith,Lord Aberdeen,668
Gabriel Shaw,Ashbel Smith,669
Ashbel Smith,Joseph Hume,670
Ashbel Smith,Lachlin M. Rate,671
Wm. Pringle,Ashbel Smith,672
Ashbel Smith,Wm. Pringle,673
Lachlin M. Rate,Ashbel Smith,674
,,675
Certificate of Exchange of Ratification of Convention as,Debt be-,676
Ashbel Smith,Anson Jones,677
Ashbel Smith,Anson Jones,678
Ashbel Smith,Wm. Pringle,679
Wm. Pringle,Ashbel Smith,680
Wm. Pringle,Ashbel Smith,681
G. W. Terrell,Ashbel Smith,682
,August 23 1842,683
G. W. Terrell,Charles Elliot,684
G. W. Terrell,Lord Aberdeen,685
Ashbel Smith,Lord Aberdeen,686
Charles Elliot,G. W. Terrell,687
Joseph Waples,Charles Elliot,688
Ashbel Smith,Anson Jones,689
Ashbel Smith,Lord Aberdeen,690
Ashbel Smith,H. U. Addington,691
,,692
,,693
,,694
,,695
,,696
Ashbel Smith,Texan Consuls,697
Ashbel Smith,Anson Jones,698
Ashbel Smith,Lord Aberdeen,699
Charles Elliot,Anson Jones,700
Ashbel Smith,Anson Jones,701
Ashbel Smith,Anson Jones,702
James Hamilton,Anson Jones,703
Ashbel Smith,Anson Jones,704
Ashbel Smith,Anson Jones,705
Lord Aberdeen,Ashbel Smith,706
Lord Aberdeen,Ashbel Smith,707
Lord Aberdeen,Ashbel Smith,708
Ashbel Smith,Lord Aberdeen,709
Charles Elliot,G. W. Terrell,710
James Hamilton,Anson Jones,711
James Hamilton,Anson Jones,712
James Hamilton,Lords of the Treasury,713
H. U. Addington,James Hamilton,714
James Hamilton,Senior Officer of British Navy,715
G. W. Terrell,Charles Elliot,716
G. W. Terrell,Ashbel Smith,717
Charles Elliot,G. W. Terrell,718
Anson Jones,Sam Houston,719
Anson Jones,Charles Elliot,720
Ashbel Smith,Anson Jones,721
Lord Aberdeen,Ashbel Smith,722
Ashbel Smith,Lord Aberdeen,723
Ashbel Smith,Lord Aberdeen,724
Ashbel Smith,Lachlin M. Rate,725
Charles Elliot,Anson Jones,726
Anson Jones,Ashbel Smith,727
Anson Jones,Ashbel Smith,728
Anson Jones,Ashbel Smith,729
Charles Elliot,Anson Jones,730
Sam Houston,Charles Elliot,731
Anson Jones,Ashbel Smith,732
Charles Elliot,Anson Jones,733
Percy W. Doyle,Charles Elliot,734
Anson Jones,Charles Elliot,735
Anson Jones,Ashbel Smith,736
Ashbel Smith,Wm. Henry Daingerfield,737
Ashbel Smith,Anson Jones,738
Charles Elliot,Anson Jones,739
Anson Jones,Charles Elliot,740
Ashbel Smith,Wm. Henry Daingerfield,741
Ashbel Smith,Anson Jones,742
Ashbel Smith,Isaac Van Zandt,743
Ashbel Smith,Isaac Van Zandt,744
Ashbel Smith,Anson Jones,745
Ashbel Smith,Wm. Henry Daingerfield,746
Ashbel Smith,Wm. Henry Daingerfield,747
Ashbel Smith,Wm. Henry Daingerfield,748
,,749
,,750
,,751
,,752
,,753
Ashbel Smith,Anson Jones,754
Charles Elliot,Anson Jones,755
Anson Jones,Charles Elliot,756
Ashbel Smith,Anson Jones,757
Charles Elliot,Anson Jones,758
Anson Jones,Ashbel Smith,759
Ashbel Smith,Anson Jones,760
Baron de Cetto,Ashbel Smith,761
Ashbel Smith,Baron de Cetto,762
Charles Elliot,Anson Jones,763
Anson Jones,Charles Elliot,764
Anson Jones,Charles Elliot,765
Charles Elliot,Anson Jones,766
Anson Jones,Charles Elliot,767
Anson Jones,Charles Elliot,768
Ashbel Smith,Anson Jones,769
Ashbel Smith,Lord Aberdeen,770
Charles Elliot,Anson Jones,771
Anson Jones,Ashbel Smith,772
Charles Elliot,Anson Jones,773
Charles Elliot,Anson Jones,774
Ashbel Smith,Anson Jones,775
Edward Everett,Ashbel Smith,776
Ashbel Smith,Edward Everett,777
Charles Elliot,Anson Jones,778
,,779
Anson Jones,Charles Elliot,780
Anson Jones,Charles Elliot,781
Charles Elliot,Anson Jones,782
Charles Elliot,Anson Jones,783
Ashbel Smith,Anson Jones,784
Ashbel Smith,Anson Jones,785
Anson Jones,Ashbel Smith,786
Ashbel Smith,Anson Jones,787
Holford & Co.,Ashbel Smith,788
Holford & Co.,Ashbel Smith,789
Anson Jones,Ashbel Smith,790
Ashbel Smith,Anson Jones,791
Ashbel Smith,Anson Jones,792
William Kennedy,Anson Jones,793
Anson Jones,G. W. Terrell,794
Anson Jones,William Kennedy,795
William Kennedy,Anson Jones,796
John Hall,William Kennedy,797
Ebenezer Allen,William Kennedy,798
G. W. Terrell,Ashbel Smith,799
G. W. Terrell,Wm. Henry Daingerfield,800
G. W. Terrell,Ashbel Smith,801
G. W. Terrell,Ashbel Smith,802
Charles Elliot,Ashbel Smith,803
,,804
,,805
,,806
,,807
,,808
,,809
G. W. Terrell,Wm. Henry Daingerfield,810
G. W. Terrell,Ashbel Smith,811
G. W. Terrell,Lord Clarendon,812
G. W. Terrell,Ashbel Smith,813
Ebenezer Allen,Ashbel Smith,814
Ashbel Smith,Ebenezer Allen,815
,June 3 1845,816
Ebenezer Allen,Ashbel Smith,817
Ebenezer Allen,Charles Elliot,818
Charles Elliot,Ebenezer Allen,819
Lord Aberdeen,Charles Elliot,820
Ebenezer Allen,Charles Elliot,821
J. Pinckney Henderson,R. A. Irion,822
J. Pinckney Henderson,Count Mol,823
J. Pinckney Henderson,Count Mol,824
Count Mol6,J. Pinckney Henderson,825
J. Pinckney Henderson,Count Mol,826
R. A. Irion,J. Pinckney Henderson,827
R. A. Irion,J. Pinckney Henderson,828
J. Pinckney Henderson,R. A. Irion,829
J. Pinckney Henderson,Count Mol,830
J. Pinckney Henderson,Count Mol,831
Count Mol6,J. Pinckney Henderson,832
J. Pinckney Henderson,Count Mol,833
,October 28 1838,834
J. Pinckney Henderson,R. A. Irion,835
J. Pinckney Henderson,Mirabeau B. Lamar,836
,November 12 1838,837
Count Mol6,J. Pinckney Henderson,838
J. Pinckney Henderson,Count Mol,839
J. Pinckney Henderson,Count Mol,840
,November 23 1838,841
,January 26 1839,842
J. Pinckney Henderson,Mirabeau B. Lamar,843
J. Pinckney Henderson,Barnard E. Bee,844
J. Pinckney Henderson,Barnard E. Bee,845
Abb6 Anduz6,Mirabeau B. Lamar,846
James Webb,Abb6 Anduz6,847
James Webb,Admiral Baudin,848
J. Pinckney Henderson,James Webb,849
J. Pinckney Henderson,James Webb,850
J. Pinckney Henderson,James Webb,851
,June 13 1839,852
Hamilton and Burnley,Mirabeau B. Lamar,853
James Hamilton,David G. Burnet,854
J. Pinckney Henderson,Secretary of State,855
J. Pinckney Henderson,Secretary of State,856
,August 5 1839,857
Lewis Cass,J. Pinckney Henderson,858
,,859
,,860
,,861
,,862
,,863
David G. Burnet,James Hamilton,864
J. Pinckney Henderson,David G. Burnet,865
,October 16 1839,866
Abner S. Lipscomb,James Hamilton,867
A. de Saligny,Abner S. Lipscomb,868
James Hamilton,Mirabeau B. Lamar,869
A. T. Burnley,Mirabeau B. Lamar,870
James Hamilton,Abner S. Lipscomb,871
James Hamilton,M. Guizot,872
James Hamilton,Abner S. Lipscomb,873
James Hamilton,Henry Castro,874
,February 19 1841,875
James S. Mayfield,A. de Saligny,876
A. de Saligny,James S. Mayfield,877
James S. Mayfield,A. de Saligny,878
Henry J. Jewett,James S. Mayfield,879
A. de Saligny,James S. Mayfield,880
James S. Mayfield,A. de Saligny,881
A. de Saligny,James S. Mayfield,882
James S. Mayfield,A. de Saligny,883
A. de Saligny,James S. Mayfield,884
James Hamilton,Abner S. Lipscomb,885
James S. Mayfield,A. de Saligny,886
A. de Saligny,James S. Mayfield,887
A. de Saligny,James S. Mayfield,888
James S. Mayfield,A. de Saligny,889
A. de Saligny,James S. Mayfield,890
James S. Mayfield,Thos. Gales Forster,891
James S. Mayfield,Wm. Henry Daingerfield,892
James S. Mayfield,A. de Saligny,893
James S. Mayfield,George S. Mcintosh,894
James S. Mayfield,Henry J. Jewett,895
James S. Mayfield,George S. Mcintosh,896
Wm. Sevey,James S. Mayfield,897
James H. Starr,Wm. Sevey,898
,,899
Thos. Gales Forster,James S. Mayfield,900
Henry J. Jewett,James S. Mayfield,901
Henry J. Jewett,A. Hutchinson,902
James S. Mayfield,Henry J. Jewett,903
,,904
A. Hutchinson,James S. Mayfield,905
James Hamilton,Mirabeau B. Lamar,906
Nathaniel Amory,James Hamilton,907
Nathaniel Amory,George S. Mcintosh,908
Nathaniel Amory,James Hamilton,909
James Hamilton,James S. Mayfield,910
James Hamilton,M. Guizot,911
James Hamilton,James S. Mayfield,912
,,913
,,914
,,915
,,916
,,917
James Hamilton,M. Guizot,918
,September 8 1841,919
Geo. S. Mcintosh,M. Guizot,920
Geo. S. Mcintosh,M. Guizot,921
M. Guizot,George S. Mcintosh,922
Geo. S. Mcintosh,M. Guizot,923
Samuel A. Roberts,George S. Mcintosh,924
Geo. S. Mcintosh,James S. Mayfield,925
A. de Saligny,Anson Jones,926
Anson Jones,George S. Mcintosh,927
Anson Jones,Ashbel Smith,928
Anson Jones,A. de Saligny,929
Ashbel Smith,Anson Jones,930
Ashbel Smith,Anson Jones,931
,,932
A. de Saligny,Anson Jones,933
Alleye de Cyprey,A. de Saligny,934
A. Gloux,Alleye de Cyprey,935
Declaration of Wyse as,goods shipped on Santa Maria,936
,,937
,May 17 1842,938
A. de Saligny,Sam Houston,939
Memorandum relative,Saligny 's investments in Texan bonds 1368,940
,,941
,,942
A. de Saligny,Anson Jones,943
Sam Houston,A. de Saligny,944
Anson Jones,A. de Saligny,945
A. de Saligny,Anson Jones,946
Ashbel Smith,George S. Mcintosh,947
Ashbel Smith,Theodore Barbey,948
Geo. S. Mcintosh,Ashbel Smith,949
Henry Castro,Ashbel Smith,950
Ashbel Smith,George S. Mcintosh,951
Henry Castro,Ashbel Smith,952
Henry Castro,Ashbel Smith,953
Henry Castro,Ashbel Smith,954
Theodore Barbey,Ashbel Smith,955
Henry Castro,Ashbel Smith,956
Geo. S. Mcintosh,Ashbel Smith,957
Ashbel Smith,Theodore Barbey,958
Sam Houston,Ashbel Smith,959
Ashbel Smith,Anson Jones,960
Ashbel Smith,Anson Jones,961
Ashbel Smith,Anson Jones,962
Ashbel Smith,M. Guizot,963
Ashbel Smith,Anson Jones,964
Ashbel Smith,Anson Jones,965
,,966
,,967
,,968
,,969
,,970
Ashbel Smith,Anson Jones,971
Ashbel Smith,Anson Jones,972
Ashbel Smith,Anson Jones,973
Ashbel Smith,Anson Jones,974
M. Guizot,Ashbel Smith,975
Ashbel Smith,M. Guizot,976
M. Guizot,Ashbel Smith,977
Ashbel Smith,M. Guizot,978
Ashbel Smith,Anson Jones,979
G. W. Terrell,Ashbel Smith,980
Anson Jones,Ashbel Smith,981
Anson Jones,Ashbel Smith,982
Anson Jones,Al. Bourgeois,983
Ashbel Smith,Anson Jones,984
Ashbel Smith,Anson Jones,985
Viscount J. de Cramayel,Anson Jones,986
Ashbel Smith,Anson Jones,987
Viscount J. de Cramayel,Anson Jones,988
Anson Jones,Viscount J. de Cramayel,989
Anson Jones,Viscount J. de Cramayel,990
,Ashbel Smith,991
Viscount J. de Cramayel,Anson Jones,992
Ashbel Smith,Anson Jones,993
Ashbel Smith,Anson Jones,994
Ashbel Smith,M. Guizot,995
M. Guizot,Ashbel Smith,996
Ashbel Smith,M. Guizot,997
Ashbel Smith,M. Guizot,998
M. Guizot,Ashbel Smith,999
1843,,1000
Ashbel Smith,Anson Jones,1001
Ashbel Smith,Anson Jones,1002
M. Guizot,Ashbel Smith,1003
Ashbel Smith,M. Guizot,1004
Henry Castro,Ashbel Smith,1005
Ashbel Smith,Henry Castro,1006
Sam Houston,Viscount J. de Cramayel,1007
Anson Jones,Viscount J. de Cramayel,1008
Viscount J. de Cramayel,Anson Jones,1009
Wm. Henry Daingerfield,Ashbel Smith,1010
Anson Jones,Viscount J. de Cramayel,1011
Ashbel Smith,Anson Jones,1012
M. Guizot,Ashbel Smith,1013
M. Guizot,Ashbel Smith,1014
Wm. Henry Daingerfield,Ashbel Smith,1015
Anson Jones,Ashbel Smith,1016
James Hamilton,Anson Jones,1017
A. Somervell,M. C. Hamilton,1018
Wm. Henry Daingerfield,Anson Jones,1019
Viscount J. de Cramayel,Anson Jones,1020
Wm. Henry Daingerfield,Secretary of State Jones,1021
Ashbel Smith,Anson Jones,1022
Ashbel Smith,M. Guizot,1023
,,1024
,,1025
,,1026
,,1027
,,1028
Ashbel Smith,Anson Jones,1029
Viscount J. de Cramayel,Anson Jones,1030
Sam Houston,Anson Jones,1031
Ashbel Smith,Anson Jones,1032
Al. Bourgeois,Ashbel Smith,1033
Charles de Castell,Al. Bourgeois,1034
Ashbel Smith,Al. Bourgeois,1035
Anson Jones,Viscount J. de Cramayel,1036
Ashbel Smith,Anson Jones,1037
Wm. Henry Daingerfield,Ashbel Smith,1038
Ashbel Smith,Anson Jones,1039
Ashbel Smith,Anson Jones,1040
Ashbel Smith,Anson Jones,1041
Anson Jones,Ashbel Smith,1042
Ashbel Smith,Anson Jones,1043
Ashbel Smith,Anson Jones,1044
Ashbel Smith,Anson Jones,1045
Ashbel Smith,Anson Jones,1046
Ashbel Smith,Anson Jones,1047
M. Guizot,Anson Jones,1048
A. de Saligny,Ashbel Smith,1049
Ashbel Smith,A. de Saligny,1050
G. W. Terrell,Ashbel Smith,1051
Terrell's address,the King of France,1052
Reply of the King of France,Terrell's address,1053
G. W. Terrell,M. Guizot,1054
Ashbel Smith,A. de Saligny,1055
A. de Saligny,Ebenezer Allen,1056
Ebenezer Allen,A. de Saligny,1057
Ashbel Smith,Washington Irving,1058
Ashbel Smith,Anson Jones,1059
Ashbel Smith,General Sancho,1060
Anson Jones,Ashbel Smith,1061
Ashbel Smith,Martinez de La Rosa,1062
Wm. Henry Daingerfield,Lachlin M. Rate,1063
Wm. Henry Daingerfield,Baron Roenne,1064
Wm. Henry Daingerfield,G. W. Terrell,1065
James Hamilton,Abner S. Lipscomb,1066
James Hamilton,Abner S. Lipscomb,1067
,November 3 1841,1068
Anson Jones,Victor Pirson,1069
Wm. Henry Daingerfield,Anson Jones,1070
Wm. Henry Daingerfield,Count d' Alviella,1071
James Hamilton,Abner S. Lipscomb,1072
Abner S. Lipscomb,James Hamilton,1073
James Hamilton,Abner S. Lipscomb,1074
Anson Jones,Wm. Henry Daingerfield,1075
Anson Jones,James Hamilton,1076
Anson Jones,Wm. Henry Daingerfield,1077
,,1078
,,1079
,,1080
,,1081
Wm. Henry Daingerfield,Anson Jones,1082
Henry Castro,Anson Jones,1083
Anson Jones,Wm. Henry Daingerfield,1084
Wm. Henry Daingerfield,Lachlin M. Rate,1085
Wm. Henry Daingerfield,Anson Jones,1086
Anson Jones,Wm. Henry Daingerfield,1087
Wm. Henry Daingerfield,Anson Jones,1088
Wm. Henry Daingerfield,V. Rumpff,1089
Wm. Henry Daingerfield,Ashbel Smith,1090
Wm. Henry Daingerfield,V. Rumpff,1091
Wm. Henry Daingerfield,V. Rumpff,1092
Wm. Henry Daingerfield,Anson Jones,1093
,,1094
Wm. Henry Daingerfield,Anson Jones,1095
Wm. Henry Daingerfield,Anson Jones,1096
Wm. Henry Daingerfield,Senator Gildmeister,1097
R. Sieveking,Wm. Henry Daingerfield,1098
Wm. Henry Daingerfield,G. W. Terrell,1099
Ashbel Smith,Wm. Henry Daingerfield,1100
Wm. Henry Daingerfield,Ebenezer Allen,1101
Wm. Henry Daingerfield,Ashbel Smith,1102
Wm. Henry Daingerfield,R. Sieveking,1103
Wm. Henry Daingerfield,Ebenezer Allen,1104